title,average_rating,price
Ce-H22B12-S1 4Kx2K Hdmi 4Port,5.0,None
"Digi-Tatoo Decal Skin Compatible With MacBook Pro 13 inch (Model A2338/ A2289/ A2251) - Protective and Decorative Full Body Laptop Skin Decal Sticker, Anti-Scratch Vinly Skin Sticker Wrap [Fresh Marble]",4.5,19.99
NotoCity Compatible with Vivoactive 4 band 22mm Quick Release Silicone Bands/Garmin Darth Vader/First Avenger/Polar Vantage Smartwatch Sport Breathable Strap Replacement for Gear S3 Classic Watchband,4.5,9.99
"MOSISO Plastic Hard Shell Case & Keyboard Cover Compatible MacBook Air 11 Inch (Models: A1370 & A1465), Transparent Black",5.0,None
"NANW Bands Compatible with Fitbit Versa/Versa 2/Versa Lite Small Large, Soft Silicone Replacement Band for Versa/Versa 2, Air Hole Wristband Strap for Women Men",4.6,None
"Novelty Cute Cartoon USB 2.0 Flash Drive Data Storage Memory Stick Cartoon USB Stick Pendrive Gift (16GB, Camera Black)",4.7,8.98
"ANNKE 4K 16CH Security DVR Recorder with Human & Vehicle Detection and (16) 8MP Outdoor Bullet Cameras with IP67 Weatherproof, 100ft Night Vision with EXIR, Email Alert, NO Hard Drive",5.0,909.99
BIPRA U3 2.5 inch USB 3.0 NTFS Portable External Hard Drive - White (250GB),5.0,98.49
"Outer Space Planets Stickers(50Pcs),Planetary Systems Waterproof Vinyl Water Bottle Stickers for Teens Girls Adults Kids,Laptop Car Cup Computer Guitar Skateboard Luggage Phone Aesthetic Stickers Pack",4.5,3.99
Polaroid Originals Now Viewfinder i-Type Instant Camera (White) Bundle with Color and B and W Instant Film and Reusable Vintage Photo Accessory (4 Items),4.8,179.99
Stanton STR8-100 Direct-Drive Digital Turntable with Straight Tone Arm (Discontinued by Manufacturer),4.5,None
HTC Vivid Black/Blue Perforated Cover,5.0,None
HP Elitebook 8560W New Replacement LCD Screen for Laptop LED HD Matte,4.7,63.33
"SOONORY 2-Pack Sport Bands Compatible with Fitbit Charge 4 Bands, Large Small Man Woman Silicone Breathable Strap Replacement Wristbands with Air Holes for Fit Charge 4 / Charge 3 Smart Watch",4.7,None
"May Chen Compatible with MacBook Pro 16 inch Case 2020 2019 Release A2141 with Touch Bar&Touch ID, Plastic Hard Shell Case with Keyboard Cover + Screen Protector, Abstract Leaves",4.5,26.99
Die-cut Vinyl decal sticker Snow White Holding an apple Compatible with Macbook Laptop Car window,4.5,None
Simplistex (TM) - Adjustable Folding Laptop Computer Stand - USB Fan Cooled - Silver - 2 Year Warranty,5.0,None
"Wenlaty Case Compatible with iPad 9th /8th /7th Generation Case(2021/2020/2019), Full Body Protective with Pencil Holder, Designed for iPad 10.2 Inch, Auto Sleep/Wake Cover, Sky Blue",4.7,19.99
Centon Electronics Flash Memory Card (S1-SDHU1-32G),4.8,8.99
Hosa Cable SKT450 Speakon to Banana Plug Speaker Cable - 50 Foot,5.0,None
"PNY 1TB PRO Elite Class 10 U3 V30 microSDXC Flash Memory Card - 100MB/s, Class 10, U3, V30, A2, 4K UHD, Full HD, UHS-I, micro SD",4.7,109.99
JBL FLIP 5 - Waterproof Portable Bluetooth Speaker Made from 100% Recycled Plastic - Blue (Renewed),4.7,79.9
Superheadz Golden Half Black Mountain 35mm Film Camera,5.0,None
"MHYALUDO Silicone Print Case Cover for Apple Airpods Pro 2nd Generation 2022 & 1st Generation 2019 Charging Case, Soft Earpods Case with keychain for Women with Airpods Pro Charging Case-White Leopard",5.0,10.99
"Cell Phone Car Mount, Magnetic, Universal, Black",4.5,None
"SUPCASE UB Pro Series Case for iPad Pro 12.9 inch for 2020 Release only, Support Apple Pencil Charging with Built-in Screen Protector Full-Body Rugged Kickstand Protective Case (Black)",4.5,27.99
"BENTOBEN iPad 9th Generation Case, iPad 8th Generation Case, iPad 7th Gen Case,iPad 10.2 Case,3 in 1 Heavy Duty Rugged Shockproof Kickstand Hybrid Bumper Protective Girl Women Boy Cover,Rainbow Design",4.5,None
"Bluetooth Audio Speaker Power Amplifier - Portable Dual Channel Surround Sound Stereo Receiver - for Amplified Subwoofer Speakers, DVD, MP3, iPhone, Computer, Theater Via 3.5mm RCA - Pyle PCA4BT (Renewed)",5.0,None
"Nurse Stickers for Water Bottles and Laptop, Nursing Stickers for Nurse Students, Nurses, and Healthcare Workers, Waterproof, Reusable, No Residue Vinyl Decal Perfect Nurse Gift (108 Designs)",4.6,8.99
13-15.6 Inch Laptop Sleeve Case Women Men Shoulder Bag Briefcase Messenger Bag Portable Handbag,4.6,14.88
"2020 Newest ASUS VivoBook 15.6"" FHD Laptop Computer, AMD Ryzen 5 3500U up to 3.7GHz, Radeon RX Vega HDMI WiFi Bluetooth USB-C Windows 10 w/ CUE Accessories (12GB DDR4, 512GB SSD)",4.5,None
CoBak Case for Kindle Paperwhite - All New PU Leather Cover with Auto Sleep Wake Feature for Kindle Paperwhite Signature Edition and Kindle Paperwhite 11th Generation 2021 Released,4.8,18.95
Gikfun Photoresistor GL5537 GL5528 LDR for Arduino EK1033,4.7,None
Desk Clamp Mount Suspension Arm Stand Holder for Mevo Live Event Camera by Livestream(1st Generation Only),5.0,None
Adafruit FTDI Serial TTL-232 USB Cable [ADA70],4.5,24.63
8x8ft Pink Rose Flower Theme Photography Backdrops 3D Pink Floral Newborn Kids Wedding Bridal Shower Photo Background Mother's Day Anniversary Ceremony Couple Photo Props Cake Table Banner,4.5,38.9
"SSV Works Polaris Ranger XP9 900 2012-up and Fullsize Ranger 2015-up XP 900 Under the Seat Subwoofer Enclosure designed for 10"" Speaker",5.0,None
"Monsoon G1/4"" to 1/2"" ID, 3/4"" OD Chain Gun Compression Fitting for Soft Tubing, Chrome, 4-Pack",5.0,25.71
YEELE 6x4ft Galaxy Backdrop Purple Night Sky in Deep Space of Universe Photography Backdrop Sci-fi Events Space Theme Birthday Decoration Kids Adults Artistic Portrait Photoshoot Studio Props,4.8,None
